{"version":5,"hash":{"type":"Buffer","data":"plODgkUHEQL3IP0LNZzqZAH/l9KFA6bPXFWuRH1U6UMIvyW8FqAyOpiMhHzzm8B23sSUZj53uSv6iVqDVHNmV0K23o+ZOsSGTW0Duho7B+XNwuJgGFhg5K+5ERlMmVD0c+dRo1ChJwFfz2eQ2PdmYZLxCrx/iTjLl+Ag/zLSzjI="},"indexValueMap":{"GbT76IVA6xuxNFnV/vwjDRWG0LVSoKYa103HBcXiqCU=":{"valueMac":{"type":"Buffer","data":"Ca/Ln69542QUHEyuNMOxpasIv9dtEdVnPZ2JpfCcL30="}},"k6WUzX3zT7uh4Yye0Qk+ondEqHghzLHVi2ppQIw8llk=":{"valueMac":{"type":"Buffer","data":"qgxx5JLVWzhuX7iv3Z7030gCZM6dczQ16TI+KRouPFA="}},"dKtczNu1bsJiUxbV5yg4DKaAQoECKYgB47PPtz1f/1E=":{"valueMac":{"type":"Buffer","data":"fvfRFNCVwmXkoj3EPEb74rA5ccp2l9Y155w3ub8emsY="}},"toB+MMcQAzGp7liOC2imB8yb40+Wm3XB1KrPAulfsBY=":{"valueMac":{"type":"Buffer","data":"UorPBB9rTPbhHBfF0GEWsTIFMYJzfuAmwt51t7/9vBs="}},"pIIXcmqLuhqZHvPDSiBaEZO9cJCZt2FSTohi+ipHHmU=":{"valueMac":{"type":"Buffer","data":"vsI+vWvEAEivDRGIUauH00lMJUUqKfeyzrJpdKpWuMw="}},"gBurAgR/jIlKyoy0tQr1jtEngEYdOLrmgU295wJIJCc=":{"valueMac":{"type":"Buffer","data":"f0jXttpfHamjZafYck28OZW3FKVFrM7COPt7+kDw63o="}},"oI0ITp//TpT2A3AnxBPLQzlgArUjTRfRmJa+SapdkeQ=":{"valueMac":{"type":"Buffer","data":"tM05Wo2KczwogGNv8gWCtV07IwlwLCjDqVLoUAfC81Y="}},"ir2kOga3Xvhpmm0rrPe4IbkgxD+91nGKXvhpTWzkwjg=":{"valueMac":{"type":"Buffer","data":"mLktIFmMdXZoGNtC0dyO3uYggnQKzzvAhLjQqxDQXE8="}},"34eEjrJWBEo7J6iHvm7ZIrcVaN0iq50/P5YsJER7t+s=":{"valueMac":{"type":"Buffer","data":"lNHTInUEI2MtuWos8dVUDMitle3po91raTaW2ypmxNo="}},"klf/V5F6wAF55GZHQzT4WZJf/7UW7BRqJlNA1lk2XcY=":{"valueMac":{"type":"Buffer","data":"gSnvPAhHrDTIWVt0mZc19xrRgrYPkj7Qkgx8GYs2LFA="}},"QbGMd/Lr1Mx7GUHHPPnD0oj120to0saT4Xx8m9dfGJs=":{"valueMac":{"type":"Buffer","data":"Kq3hjGEyXiiSMc6Bh4rKTZFo6o5g9rwYwmJ3CRJtUOc="}},"fla4yGqdAvQfwOtWySNHEv2Np+b0lDc3LquCdkMueg8=":{"valueMac":{"type":"Buffer","data":"pXiyYy76F3nxFKg6fsxkfV/IftJVtrN4wSPmeQR3/c0="}},"dnD0PZNE0dji/Q9t3Agz+17eKC80wdC5MMFljV5gANA=":{"valueMac":{"type":"Buffer","data":"BY9ec3ZD2tpxRp9PWORTcOF9BU2vd8Hg58DWxax3uCw="}},"1bi/IJLSFb5y8eG0DJOvIMTVAuGtM9CuTFkD2DE/XUY=":{"valueMac":{"type":"Buffer","data":"cu18MFqBBYsXK1JhS3bv8WPe1pm7KrKt+CXwjQp4ofg="}}}}