{"version":5,"hash":{"type":"Buffer","data":"maBn8fIdgoIELTvg+Kx92xG16JwhGMI+IwcJG3ene63/HGDK4M24vdoKqNd9bUu6k2vU9Jt7jGwqIQfektoWNDS4SFPE6v07K8r73hIfMmqol8kcR0pg9CAPBQVlxKi9vrFns3pdEFnp92XR7Ol7OQ9Fxb8+20UZXmidsVrHhbY="},"indexValueMap":{"ogaJqruRPPOI5+8NMr+8v7ah3zBbg6kxqNKvd4RbWfo=":{"valueMac":{"type":"Buffer","data":"6gHpxMdOe9+Zar+85yVAiJvziSpf8LesMadcSP4C3Xo="}},"AVboIoyVc09VbIFFgvXbwALH9CR/LAHA6EWnvhjk+t0=":{"valueMac":{"type":"Buffer","data":"8RrowfUkKsIOuaIOIvWSDYUm5eIvLA4GbsjSPq4Z92w="}},"NBXan/5c3EAjDxxWcVkmTpMEolpXT0ULNiijxIjuTRA=":{"valueMac":{"type":"Buffer","data":"VHsT4g283CpXeYjuKLFxk9d3Wq4KaqhVcUSV7aEKiZM="}},"nRfbbHY536USEq4dgh1kR8XUH4g1i1YU4n/qvRrBtAM=":{"valueMac":{"type":"Buffer","data":"kbpMZjBjFmeV6qN/SdUVfSCYpoUAO06Maq8s/jlY23E="}},"koZNOfIiq8+6UJwpBUsdLSt1n+iLNHTzcwfgm0yBIrA=":{"valueMac":{"type":"Buffer","data":"PuMEzgrgoghTospjW1PA/N3EdeI/9V8/yTquU0pDXmE="}},"IKeS+0P0ph69hZroYGrqtZXq4c5w7bSVrSzkwE4XvkE=":{"valueMac":{"type":"Buffer","data":"+1p6rYMOPpoCba/rW738q2AgyJiJqyorkqkdJx9gew0="}},"uPUobz61V1KcqDR23+S3vfK4HDwG9gH0KXCHdJ4A+zI=":{"valueMac":{"type":"Buffer","data":"IB/0JJuIkd44AFUR3NVJ7A4aTxFDUZi5MGZzpcQSQTU="}},"/A0SpW27qfMIXdF3PwDw4yCOl7T9Zuw0UG62TdYjMTw=":{"valueMac":{"type":"Buffer","data":"eKdJNE2q65y5t7S8wQEhuoLZcyrLQyGgE8M5YoVTpZ0="}},"fWl7ZEMcjm1+lVm2PPoETAqH8CQA4bCeFAtXNJrA5jo=":{"valueMac":{"type":"Buffer","data":"+X8gU6Hf66LFcb1nvqEYIxRPdsBMgcYpL47RplSzbC4="}},"rkW0MMU9vY+582pef/Xdq5pEs4JOZzb9IzSPEhKGf6c=":{"valueMac":{"type":"Buffer","data":"1TBvMxKMsOfQzz2BMVXJibOcchOMw/LTIds78UztOXY="}},"VeVO1v4H1ksMgRc1D8rt0syvDF8g505yNtWAIMcmomM=":{"valueMac":{"type":"Buffer","data":"afpqRs+IuT5zh49xsuBzrS20WfJYEuM4F5bTmT43+lY="}},"YgUqnZoIhyCvQgA4YVovfDht/rIqyOuA56pP2HfLLdk=":{"valueMac":{"type":"Buffer","data":"MPeYrikZJkFG4cCs9Boew12taZ425DD+p9gVy1q3Vbg="}},"uln+P1WUPPJL3q5Cu5GVipC1TVIoGDvIWhAiKwMYbRA=":{"valueMac":{"type":"Buffer","data":"ZpmWIIfMBEXN/oCOSj6ia13AfA55pYBBdxkxlVsihdg="}},"YhgRxOhkRtgB4ikVfefTiiOqLnZQ27MsxjpZg45xdmU=":{"valueMac":{"type":"Buffer","data":"QFEUOwtXI6hcO+2+D8BHTNqiRglXYF9aAyjDDXOpq4c="}},"f9Mbhl7QrqicZLE/XsMT3JAzSdoiblr3ntVFWun0hG8=":{"valueMac":{"type":"Buffer","data":"ZH5D4XKC+eZysN7CD0L26/mC4Yak6wJW/uPr7wc0dmE="}},"ArqJjFDwjOME8vWUoV5tFtW4Zj5yDm/LbnNntwwjHe8=":{"valueMac":{"type":"Buffer","data":"EZS6ZInj1tNFt02c56YrNfE98EThc/d1Cpk7t5L6ccs="}},"VYA0GbxuM3VRMEOxkwQVxXWR4sgUUbvDQKGpv/kDbQo=":{"valueMac":{"type":"Buffer","data":"iW59fI8exvDEnYLT9l9f9PqKuUSR0OHqb/gk4mZd2t8="}},"JSIFaUzmBOg2kMf3AAg611+4muOWETBac3DPHstEJSo=":{"valueMac":{"type":"Buffer","data":"U0m0YxDl6Lhds25KhOF+Ny8lNfeERkHUvuTpPAuvJqk="}},"cq+3XhpwkVea79uVpv5e5uDi22k30+7e0PDdnbz/ZWw=":{"valueMac":{"type":"Buffer","data":"mctEpUOZOhcTgTa8JoOxkVILf5CMK5QVdstk6SnXRO0="}},"52+I9rnKSZqrG3mYkmSikh49wCAgDqslz1bLKIWRy4M=":{"valueMac":{"type":"Buffer","data":"i69RO7oga27OjbC/VtQ1wEfBasQd74eDOi8/Kb8rhQU="}},"tipthuFmcz0ZuniVfZ6XAjQM0Z79ejuBRDlHk+UIRKE=":{"valueMac":{"type":"Buffer","data":"SKKdagJaMpg9kFHuzqGedQEk9JcUJuTyOm+guZT4g9k="}},"7EsH40PY3eQRNJVRf5vYWbAeyA1qrTU2hwcwMw1L84s=":{"valueMac":{"type":"Buffer","data":"jbc6G4HJuPc9OioUDt9zhFtm3ZWF+tBT00JQB33KxvU="}},"+qULUkLKTTrA8ga3wbf/csvnhYJfjh/ekP9a7S2eUmw=":{"valueMac":{"type":"Buffer","data":"6jlY4SCR++wXSjK3KzaKyfxDBg1g5evQ8NPgvJ3HCD4="}}}}