{"version":5,"hash":{"type":"Buffer","data":"J2GuZdAKHSX5Xhg4YbatFIOX0s8ivn4rHMwdksP04P8Jsr6tAV3E31EcWtY7GAQX456M/KMyWdPNYtSgpkeADNM8t1/Ueo3JS+OUFKg4MCjmaCt+0gNPS1GL44BXikeC9aacxLzm9SrsQFDmI/v59fwOapLt4fZyC62ur1r8m6I="},"indexValueMap":{"aC1E3Z6z5QcEvd3sVSLfB9mhcwnyexvWSbPd7hQDGkQ=":{"valueMac":{"type":"Buffer","data":"yCWd4EcBRk/+CrUsLiARLIRu3bq5E9gTfdFj9Yu9224="}},"Wn2oHDKjiwCag+QA650ibID9YEdaO6VqYmEivMGFY0A=":{"valueMac":{"type":"Buffer","data":"Uj89P2R46YRmqDqFCKihN2c6fVpc7uyoCaCM4a00T0g="}}}}