{"noiseKey":{"private":{"type":"Buffer","data":"KIc+gK+0EMSiUDjaWY27ZuUIpiRgMnPWX+Urvmp8Sls="},"public":{"type":"Buffer","data":"TYkdRolG+r3z/HAbeKDV90Y5/07ycAlR/OKJ5DoQf2U="}},"pairingEphemeralKeyPair":{"private":{"type":"Buffer","data":"QL36h1E8l4L1eXOQp4DvVN4LGb6l9cI+6d6hUypaW1s="},"public":{"type":"Buffer","data":"VVqhGsJWdMmSV4eBsuOwZs2BHbuP4kNIC8b5GpenWiY="}},"signedIdentityKey":{"private":{"type":"Buffer","data":"6PFgLDaiUvwZgiI4Zy+WNTV+qtNC1FX+FXXHYqEzQWM="},"public":{"type":"Buffer","data":"Et05SCXSWb1BDrVcQuQrlp5PFLE5JEXC/NZV8s3JVSM="}},"signedPreKey":{"keyPair":{"private":{"type":"Buffer","data":"OBAtmO9+dhnL9H/a/E+6YCms0yo2pg5yuaTrvFlSfFA="},"public":{"type":"Buffer","data":"RqAD3CWfZD2FN8fLtz7/0Yl2t9mCCaNXhA9UsIH1nl4="}},"signature":{"type":"Buffer","data":"n+mPj6H1jVxtNA5pChkDpbo5C5+VQrvEZP9M5rI0NF72omlg8BPnZuWr4iAVx5HExNW+MJW0hGeS7Pt6Uo8Ehg=="},"keyId":1},"registrationId":150,"advSecretKey":"wxtu+eycuUsPprRmyiCamUGNZ/Yk0bdv5PUtxA839eI=","processedHistoryMessages":[{"key":{"remoteJid":"94768079451@s.whatsapp.net","fromMe":true,"id":"0BC047C876CC8FFF7CC4A946ABE381D7"},"messageTimestamp":1702791027},{"key":{"remoteJid":"94768079451@s.whatsapp.net","fromMe":true,"id":"C65052CC805254986B714B7FD3CDADC9"},"messageTimestamp":1702791028},{"key":{"remoteJid":"94768079451@s.whatsapp.net","fromMe":true,"id":"A9ED2A7CF5BE44B8F904114049E2C213"},"messageTimestamp":1702791029},{"key":{"remoteJid":"94768079451@s.whatsapp.net","fromMe":true,"id":"B1C381A97F6A92876A90277009163BB0"},"messageTimestamp":1702791029}],"nextPreKeyId":31,"firstUnuploadedPreKeyId":31,"accountSyncCounter":1,"accountSettings":{"unarchiveChats":false},"deviceId":"ZWfl-UQxTmiPIQ8CfY1wFA","phoneId":"c9b434ec-2b05-42f2-9cf8-bbe009ec9ca9","identityId":{"type":"Buffer","data":"Xg9CsE+jz1oL4moSlOLtAt1g4Yg="},"registered":false,"backupToken":{"type":"Buffer","data":"lQjqnpElyrkDi0EPU4vX/dlTwDA="},"registration":{},"account":{"details":"CIqv8IoHEPCO+qsGGAc=","accountSignatureKey":"/oN6jyq1QxhvVruQqg6HRTS1X9ccl7COKRegdwn9sWk=","accountSignature":"DvRkc/IQJG9+ED8f781Mk7NitmiZIQRWfqeWLOoo6v9nTKjzjylith0wGQTvOeg9TZD+ggTLhLSQzr0aIrG5DA==","deviceSignature":"VSHWrk5c3K8oObmDONcC1u5mD8JnAYeMZXuymss2pP6tXQhSocXSPDnbVWBR91Xpj2gMXNGUFwB0udUY/d9xiA=="},"me":{"id":"94768079451:72@s.whatsapp.net","name":"《 𝚮𝚫𝚪𝐒𝚮𝚫 》"},"signalIdentities":[{"identifier":{"name":"94768079451:72@s.whatsapp.net","deviceId":0},"identifierKey":{"type":"Buffer","data":"Bf6Deo8qtUMYb1a7kKoOh0U0tV/XHJewjikXoHcJ/bFp"}}],"platform":"android","lastAccountSyncTimestamp":1702791026,"myAppStateKeyId":"AAAAAC5Q"}