{"_sessions":{"BXOJT+0TMbkTB9ZXs/znLrQX9k3GS7feBdyXZDODQTM1":{"registrationId":176843835,"currentRatchet":{"ephemeralKeyPair":{"pubKey":"BSEW29CxFFKUkZS+GfcO6AO/qyPe9qYI+BhI63PyNZEp","privKey":"2ByNnmdbEPiBT5uEpHqXs5RQUypk+66BBNO4TWBJjVU="},"lastRemoteEphemeralKey":"BRiuU1i5zNe060KN3xrmkEREsC3tp+zDmoqGvzeA2V1G","previousCounter":0,"rootKey":"uSfaV0qO9QJ4xrhvt+LdNeaCE2aG+8qqtNF9M8zcN5M="},"indexInfo":{"baseKey":"BXOJT+0TMbkTB9ZXs/znLrQX9k3GS7feBdyXZDODQTM1","baseKeyType":1,"closed":-1,"used":1702791038500,"created":1702791038500,"remoteIdentityKey":"BcYcZ6KR3/pV22tmSqAxpYoOiI12nFB+mSoNDKhMy8R0"},"_chains":{"BSEW29CxFFKUkZS+GfcO6AO/qyPe9qYI+BhI63PyNZEp":{"chainKey":{"counter":1,"key":"q4SE8sJXLrxr+o8ilCqTDqV3VKvJN+DE8MIx9vQYqm8="},"chainType":1,"messageKeys":{}}},"pendingPreKey":{"signedKeyId":1,"baseKey":"BXOJT+0TMbkTB9ZXs/znLrQX9k3GS7feBdyXZDODQTM1","preKeyId":4875812}}},"version":"v1"}