{"_sessions":{"BSVNhvptfiqKjmRtwL5sku8cT2Ff9y4z7YEkWhD2OsUF":{"registrationId":1673025471,"currentRatchet":{"ephemeralKeyPair":{"pubKey":"Bc0p77MtqIQivXojY3frvgsQ6ECh7SczAhTMGwAPduAk","privKey":"qBTZR0zQ/zVC5AqAS5A67Zi349PwEBc6t7qKfJSqcHs="},"lastRemoteEphemeralKey":"BVvtbo0gCYvnEg3SuDHXxzCAnCXCeDRh6BH2TSrnhZYL","previousCounter":0,"rootKey":"pU9KjYFfb/SDx/KKm3IcuEqnmlhHHhH34sdsbiQRo08="},"indexInfo":{"baseKey":"BSVNhvptfiqKjmRtwL5sku8cT2Ff9y4z7YEkWhD2OsUF","baseKeyType":2,"closed":-1,"used":1702791027384,"created":1702791027384,"remoteIdentityKey":"Bf6Deo8qtUMYb1a7kKoOh0U0tV/XHJewjikXoHcJ/bFp"},"_chains":{"BVvtbo0gCYvnEg3SuDHXxzCAnCXCeDRh6BH2TSrnhZYL":{"chainKey":{"counter":7,"key":"hFTBsb6vJ8hG+KbuB/cKpE5pKAPksJRqfO6KDmMivaU="},"chainType":2,"messageKeys":{}},"Bc0p77MtqIQivXojY3frvgsQ6ECh7SczAhTMGwAPduAk":{"chainKey":{"counter":3,"key":"pu650keY9rEcHALAQWNAAbn+4IN60e8XXcJ+6o9sVX8="},"chainType":1,"messageKeys":{}}}}},"version":"v1"}