{"_sessions":{"BcXYQ4N8oVoFrS7J2ACseU3zDr+hKHKNQrM7+7+h/Qxn":{"registrationId":117,"currentRatchet":{"ephemeralKeyPair":{"pubKey":"BYiBthp9WXvjsJDmsO1Qp8H5ZKTecxxC6WwU6DM37Y8W","privKey":"+Klm9lcsyGbCBCR6qRMDbdTQsF1OBRUojikr6rAbR3I="},"lastRemoteEphemeralKey":"BeiwXRahGA0SMUBmxT2BvBEDwrkOYj/TitvmdIApLsYm","previousCounter":0,"rootKey":"NCb1FYWeXm0Bjq7gE8WiitHrfS4uA9Wrr1BQjg8RrwI="},"indexInfo":{"baseKey":"BcXYQ4N8oVoFrS7J2ACseU3zDr+hKHKNQrM7+7+h/Qxn","baseKeyType":1,"closed":-1,"used":1702791038503,"created":1702791038503,"remoteIdentityKey":"BQ8Hz+LyZrtai5ImUzXdG+wzGs966XedpeSQPk7VtnAt"},"_chains":{"BYiBthp9WXvjsJDmsO1Qp8H5ZKTecxxC6WwU6DM37Y8W":{"chainKey":{"counter":1,"key":"rFhvyLZLNAL2wIKzObDLnruUk5VJmFgvGf+hSXST6Iw="},"chainType":1,"messageKeys":{}}},"pendingPreKey":{"signedKeyId":1,"baseKey":"BcXYQ4N8oVoFrS7J2ACseU3zDr+hKHKNQrM7+7+h/Qxn","preKeyId":3}}},"version":"v1"}